{
	"PMDB": {"cor_forte": "ff6801", "cor_fraca": "ffad71", "cor_media": "f3954f"},
	"PT": {"cor_forte": "e02128", "cor_fraca": "f6898c", "cor_media": "dd6364"},
	"PSB": {"cor_forte": "ffa90e", "cor_fraca": "ffd89d", "cor_media": "efbf60"},
	"PSDB": {"cor_forte": "005c97", "cor_fraca": "87a8c7", "cor_media": "2a79be"},
	"DEM": {"cor_forte": "007f94", "cor_fraca": "83b3c1", "cor_media": "40aab4"},
	"PTB": {"cor_forte": "02a0e1", "cor_fraca": "88c6ed", "cor_media": "5fb7e7"},
	"PDT": {"cor_forte": "9a8276", "cor_fraca": "c5b4ad", "cor_media": "a59997"},
	"PP": {"cor_forte": "c6ba6e", "cor_fraca": "ddd6a8", "cor_media": "d8ca78"},
	"PPS": {"cor_forte": "8b71b0", "cor_fraca": "bbabd0", "cor_media": "a997c8"},
	"PV": {"cor_forte": "69962d", "cor_fraca": "a8c086", "cor_media": "9ab75b"},
	"PR": {"cor_forte": "d4a055", "cor_fraca": "e6c69d", "cor_media": "dfb384"},
	"PCdoB": {"cor_forte": "af455b", "cor_fraca": "d492a0", "cor_media": "cd667f"},
	"PSC": {"cor_forte": "5b8194", "cor_fraca": "d1dae1", "cor_media": "95b1c1"},
	"PRB": {"cor_forte": "82a884", "cor_fraca": "c0d9c2", "cor_media": "a7c8a9"},
	"PSOL": {"cor_forte": "ffe025", "cor_fraca": "fff395", "cor_media": "f9e86f"},
	"PSTU": {"cor_forte": "f67a7a", "cor_fraca": "ffc6c5", "cor_media": "f4a9aa"},
	"PTC": {"cor_forte": "dcd4ad", "cor_fraca": "ebe7ce", "cor_media": "dddace"},
	"PMN": {"cor_forte": "00e9e5", "cor_fraca": "a6f6f5", "cor_media": "90d0da"},
	"PRP": {"cor_forte": "d0ff01", "cor_fraca": "e9ff83", "cor_media": "d7d463"},
	"PTdoB": {"cor_forte": "730b00", "cor_fraca": "b27266", "cor_media": "995348"},
	"PCB": {"cor_forte": "ae492b", "cor_fraca": "dba599", "cor_media": "d07361"},
	"PRTB": {"cor_forte": "b583e6", "cor_fraca": "d3b4f0", "cor_media": "bc9fc9"},
	"PHS": {"cor_forte": "94ae91", "cor_fraca": "c9d7c8", "cor_media": "b6c6b0"},
	"PSDC": {"cor_forte": "19541", "cor_fraca": "52c08f", "cor_media": "5ca57f"},
	"PCO": {"cor_forte": "505050", "cor_fraca": "878787", "cor_media": "707070"},
	"PTN": {"cor_forte": "7a376d", "cor_fraca": "b38aaa", "cor_media": "936a90"},
	"PSL": {"cor_forte": "dfda86", "cor_fraca": "f2efbc", "cor_media": "e1dea8"},
	"PSD": {"cor_forte": "3a5dff", "cor_fraca": "97a8ff", "cor_media": "7e8cc5"},
	"PPL": {"cor_forte": "b6b6b6", "cor_fraca": "d3d3d3", "cor_media": "c2c4c4"},
	"PEN": {"cor_forte": "9d7400", "cor_fraca": "c5ac6c", "cor_media": "b79d68"},
	"PROS": {"cor_forte": "e9518c", "cor_fraca": "f698bc", "cor_media": "db75a6"},
	"SD": {"cor_forte": "ae4f87", "cor_fraca": "d296b8", "cor_media": "ba77a2"}
}